class,family,genus,species
Araneomorphae,,,
Mygalomorphae,,,
Araneomorphae,,,
Araneomorphae,Agelenidae,,
Araneomorphae,Agelenidae,Agelenopsis,
Araneomorphae,Agelenidae,Agelenopsis,Agelenopsis aperta
Araneomorphae,Agelenidae,Agelenopsis,Agelenopsis emertoni
Araneomorphae,Agelenidae,Agelenopsis,Agelenopsis naevia
Araneomorphae,Agelenidae,Agelenopsis,Agelenopsis oregonensis
Araneomorphae,Agelenidae,Agelenopsis,Agelenopsis pennsylvanica
Araneomorphae,Agelenidae,Agelenopsis,Agelenopsis potteri
Araneomorphae,Agelenidae,Agelenopsis,Agelenopsis utahana
Araneomorphae,Agelenidae,Barronopsis,
Araneomorphae,Agelenidae,Barronopsis,Barronopsis floridensis
Araneomorphae,Agelenidae,Barronopsis,Barronopsis jeffersi
Araneomorphae,Agelenidae,Barronopsis,Barronopsis stephaniae
Araneomorphae,Agelenidae,Barronopsis,Barronopsis texana
Araneomorphae,Agelenidae,Calilena,
Araneomorphae,Agelenidae,Coras,
Araneomorphae,Agelenidae,Coras,Coras juvenilis
Araneomorphae,Agelenidae,Coras,Coras lamellosus
Araneomorphae,Agelenidae,Coras,Coras montanus
Araneomorphae,Agelenidae,Eratigena,
Araneomorphae,Agelenidae,Eratigena,Eratigena agrestis
Araneomorphae,Agelenidae,Eratigena,Eratigena duellica
Araneomorphae,Agelenidae,Hololena,
Araneomorphae,Agelenidae,Hololena,Hololena nedra
Araneomorphae,Agelenidae,Novalena,
Araneomorphae,Agelenidae,Novalena,Novalena lutzi
Araneomorphae,Agelenidae,Tegenaria,
Araneomorphae,Agelenidae,Tegenaria,Tegenaria domestica
Araneomorphae,Agelenidae,Tegenaria,Tegenaria pagana
Araneomorphae,Agelenidae,Wadotes,
Araneomorphae,Agelenidae,Western Ageleninae,
Araneomorphae,Amaurobiidae,,
Araneomorphae,Amaurobiidae,Amaurobius,
Araneomorphae,Amaurobiidae,Amaurobius,Amaurobius borealis
Araneomorphae,Amaurobiidae,Amaurobius,Amaurobius ferox
Araneomorphae,Amaurobiidae,Callobius,
Araneomorphae,Amaurobiidae,Callobius,Callobius bennetti
Araneomorphae,Amaurobiidae,Callobius,Callobius nomeus
Araneomorphae,Amaurobiidae,Callobius,Callobius pictus
Araneomorphae,Amaurobiidae,Callobius,Callobius severus
Araneomorphae,Anapidae,,
Araneomorphae,Anapidae,Gertschanapis,
Araneomorphae,Anapidae,Gertschanapis,Gertschanapis shantzi
Araneomorphae,Anyphaenidae,,
Araneomorphae,Anyphaenidae,Anyphaena,
Araneomorphae,Anyphaenidae,Anyphaena,Anyphaena aperta
Araneomorphae,Anyphaenidae,Anyphaena,Anyphaena californica
Araneomorphae,Anyphaenidae,Anyphaena,Anyphaena celer
Araneomorphae,Anyphaenidae,Anyphaena,Anyphaena dixiana
Araneomorphae,Anyphaenidae,Anyphaena,Anyphaena fraterna
Araneomorphae,Anyphaenidae,Anyphaena,Anyphaena pacifica
Araneomorphae,Anyphaenidae,Anyphaena,Anyphaena pectorosa
Araneomorphae,Anyphaenidae,Arachosia,
Araneomorphae,Anyphaenidae,Arachosia,Arachosia cubana
Araneomorphae,Anyphaenidae,Hibana,
Araneomorphae,Anyphaenidae,Hibana,"Hibana,Hibana gracilis"
Araneomorphae,Anyphaenidae,Hibana,Hibana futilis
Araneomorphae,Anyphaenidae,Hibana,Hibana incursa
Araneomorphae,Anyphaenidae,Lupettiana,
Araneomorphae,Anyphaenidae,Lupettiana,Lupettiana mordax
Araneomorphae,Anyphaenidae,Wulfila,
Araneomorphae,Anyphaenidae,Wulfila,Wulfila saltabundus
Araneomorphae,Anyphaenidae,Wulfila,Wulfila tantillus
Araneomorphae,Araneidae,,
Araneomorphae,Araneidae,Acacesia,
Araneomorphae,Araneidae,Acacesia,Acacesia hamata
Araneomorphae,Araneidae,Acanthepeira,
Araneomorphae,Araneidae,Acanthepeira,Acanthepeira marion
Araneomorphae,Araneidae,Acanthepeira,Acanthepeira stellata
Araneomorphae,Araneidae,Aculepeira,
Araneomorphae,Araneidae,Aculepeira,Aculepeira packardi
Araneomorphae,Araneidae,Allocyclosa,
Araneomorphae,Araneidae,Allocyclosa,Allocyclosa bifurca
Araneomorphae,Araneidae,Araneus,
Araneomorphae,Araneidae,Araneus,Araneus alboventris
Araneomorphae,Araneidae,Araneus,Araneus andrewsi
Araneomorphae,Araneidae,Araneus,Araneus bicentenarius
Araneomorphae,Araneidae,Araneus,Araneus bispinosus
Araneomorphae,Araneidae,Araneus,Araneus bivittatus
Araneomorphae,Araneidae,Araneus,Araneus bonsallae
Araneomorphae,Araneidae,Araneus,Araneus cavaticus
Araneomorphae,Araneidae,Araneus,Araneus cingulatus
Araneomorphae,Araneidae,Araneus,Araneus corticarius
Araneomorphae,Araneidae,Araneus,Araneus detrimentosus
Araneomorphae,Araneidae,Araneus,Araneus diadematus
Araneomorphae,Araneidae,Araneus,Araneus gemma
Araneomorphae,Araneidae,Araneus,Araneus gemmoides
Araneomorphae,Araneidae,Araneus,Araneus guttulatus
Araneomorphae,Araneidae,Araneus,Araneus illaudatus
Araneomorphae,Araneidae,Araneus,Araneus juniperi
Araneomorphae,Araneidae,Araneus,Araneus marmoreus
Araneomorphae,Araneidae,Araneus,Araneus miniatus
Araneomorphae,Araneidae,Araneus,Araneus montereyensis
Araneomorphae,Araneidae,Araneus,Araneus niveus
Araneomorphae,Araneidae,Araneus,Araneus nordmanni
Araneomorphae,Araneidae,Araneus,Araneus pegnia
Araneomorphae,Araneidae,Araneus,Araneus pratensis
Araneomorphae,Araneidae,Araneus,Araneus saevus
Araneomorphae,Araneidae,Araneus,Araneus thaddeus
Araneomorphae,Araneidae,Araneus,Araneus trifolium
Araneomorphae,Araneidae,Araniella,
Araneomorphae,Araneidae,Araniella,Araniella displicata
Araneomorphae,Araneidae,Araniella,Araniella proxima
Araneomorphae,Araneidae,Argiope,
Araneomorphae,Araneidae,Argiope,Argiope argentata
Araneomorphae,Araneidae,Argiope,Argiope aurantia
Araneomorphae,Araneidae,Argiope,Argiope florida
Araneomorphae,Araneidae,Argiope,Argiope trifasciata
Araneomorphae,Araneidae,Colphpeira,
Araneomorphae,Araneidae,Colphpeira,Colphepeira catawba
Araneomorphae,Araneidae,Cyclosa,
Araneomorphae,Araneidae,Cyclosa,Cyclosa caroli
Araneomorphae,Araneidae,Cyclosa,Cyclosa conica
Araneomorphae,Araneidae,Cyclosa,Cyclosa tubinata
Araneomorphae,Araneidae,Cyclosa,Cyclosa walckenaeri
Araneomorphae,Araneidae,Cytophora,
Araneomorphae,Araneidae,Cytophora,Cyrtophora citricola
Araneomorphae,Araneidae,Eriophora,
Araneomorphae,Araneidae,Eriophora,Eriophora edax
Araneomorphae,Araneidae,Eriophora,Eriophora ravilla
Araneomorphae,Araneidae,Eustala,
Araneomorphae,Araneidae,Eustala,Eustala anastera
Araneomorphae,Araneidae,Eustala,Eustala californiensis
Araneomorphae,Araneidae,Eustala,Eustala cepina
Araneomorphae,Araneidae,Gasteracantha,
Araneomorphae,Araneidae,Gasteracantha,Gasteracantha cancriformis
Araneomorphae,Araneidae,Gea,
Araneomorphae,Araneidae,Gea,Gea heptagon
Araneomorphae,Araneidae,Hypsosinga,
Araneomorphae,Araneidae,Hypsosinga,Hypsosinga pygmaea
Araneomorphae,Araneidae,Hypsosinga,Hypsosinga rubens
Araneomorphae,Araneidae,Kaira,
Araneomorphae,Araneidae,Larinia,
Araneomorphae,Araneidae,Larinia,Larinia borealis
Araneomorphae,Araneidae,Larinia,Larinia directa
Araneomorphae,Araneidae,Larinioides,
Araneomorphae,Araneidae,Larinioides,Larinioides cornutus
Araneomorphae,Araneidae,Larinioides,Larinioides patagiatus
Araneomorphae,Araneidae,Larinioides,Larinioides sclopetarius
Araneomorphae,Araneidae,Mangora,
Araneomorphae,Araneidae,Mangora,Mangora gibberosa
Araneomorphae,Araneidae,Mangora,Mangora maculata
Araneomorphae,Araneidae,Mangora,Mangora placida
Araneomorphae,Araneidae,Mangora,Mangora spiculata
Araneomorphae,Araneidae,Mastophora,
Araneomorphae,Araneidae,Mastophora,Mastophora cornigera
Araneomorphae,Araneidae,Mastophora,Mastophora hutchinsoni
Araneomorphae,Araneidae,Mastophora,Mastophora phrynosoma
Araneomorphae,Araneidae,Mecynogea,
Araneomorphae,Araneidae,Mecynogea,Mecynogea lemniscata
Araneomorphae,Araneidae,Metazygia,
Araneomorphae,Araneidae,Metazygia,Metazygia zilloides
Araneomorphae,Araneidae,Metepeira,
Araneomorphae,Araneidae,Metepeira,Metepeira arizonica
Araneomorphae,Araneidae,Metepeira,Metepeira foxi
Araneomorphae,Araneidae,Metepeira,Metepeira labyrinthea
Araneomorphae,Araneidae,Micrathena,
Araneomorphae,Araneidae,Micrathena,Micrathena gracilis
Araneomorphae,Araneidae,Micrathena,Micrathena mitrata
Araneomorphae,Araneidae,Micrathena,Micrathena sagittata
Araneomorphae,Araneidae,Neoscona,
Araneomorphae,Araneidae,Neoscona,Neoscona arabesca
Araneomorphae,Araneidae,Neoscona,Neoscona crucifera
Araneomorphae,Araneidae,Neoscona,Neoscona domiciliorum
Araneomorphae,Araneidae,Neoscona,Neoscona nautica
Araneomorphae,Araneidae,Neoscona,Neoscona oaxacensis
Araneomorphae,Araneidae,Neoscona,Neoscona pratensis
Araneomorphae,Araneidae,Neoscona,Neoscona utahana
Araneomorphae,Araneidae,Ocrepeira,
Araneomorphae,Araneidae,Ocrepeira,Ocrepeira ectypa
Araneomorphae,Araneidae,Trichonephila,
Araneomorphae,Araneidae,Trichonephila,Trichonephila clavata
Araneomorphae,Araneidae,Trichonephila,Trichonephila clavipes
Araneomorphae,Araneidae,Verrucosa,
Araneomorphae,Araneidae,Verrucosa,Verrucosa arenata
Araneomorphae,Araneidae,Wagneriana,
Araneomorphae,Araneidae,Wagneriana,Wagneriana tauricornis
Araneomorphae,Araneidae,Zygiella,
Araneomorphae,Araneidae,Zygiella,Zygiella atrica
Araneomorphae,Araneidae,Zygiella,Zygiella dispar
Araneomorphae,Araneidae,Zygiella,Zygiella nearctica
Araneomorphae,Araneidae,Zygiella,Zygiella x-notata
Araneomorphae,Caponiidae,,
Araneomorphae,Caponiidae,Orthonops,
Araneomorphae,Caponiidae,Tarsonops,
Araneomorphae,Cheiracanthiidae,,
Araneomorphae,Cheiracanthiidae,Cheiracanthium,
Araneomorphae,Cheiracanthiidae,Cheiracanthium,Cheiracanthium inclusum
Araneomorphae,Cheiracanthiidae,Cheiracanthium,Cheiracanthium mildei
Araneomorphae,Cheiracanthiidae,Strotarchus,
Araneomorphae,Cheiracanthiidae,Strotarchus,Strotarchus piscatorius
Araneomorphae,Clubionidae,,
Araneomorphae,Clubionidae,Elaver,
Araneomorphae,Clubionidae,Elaver,Elaver excepta
Araneomorphae,Clubionidae,Leafcurling Sac Spiders (Clubiona),
Araneomorphae,Clubionidae,Leafcurling Sac Spiders (Clubiona),Clubiona abboti
Araneomorphae,Clubionidae,Leafcurling Sac Spiders (Clubiona),Clubiona canadensis
Araneomorphae,Clubionidae,Leafcurling Sac Spiders (Clubiona),Clubiona janae
Araneomorphae,Clubionidae,Leafcurling Sac Spiders (Clubiona),Clubiona kastoni
Araneomorphae,Clubionidae,Leafcurling Sac Spiders (Clubiona),Clubiona lutescens
Araneomorphae,Clubionidae,Leafcurling Sac Spiders (Clubiona),Clubiona maritima
Araneomorphae,Clubionidae,Leafcurling Sac Spiders (Clubiona),Clubiona obesa
Araneomorphae,Clubionidae,Leafcurling Sac Spiders (Clubiona),Clubiona pikei
Araneomorphae,Clubionidae,Leafcurling Sac Spiders (Clubiona),Clubiona pygmaea
Araneomorphae,Clubionidae,Leafcurling Sac Spiders (Clubiona),Clubiona riparia
Araneomorphae,Corinnidae,,
Araneomorphae,Corinnidae,Castianeira,
Araneomorphae,Corinnidae,Castianeira,Castianeira alteranda
Araneomorphae,Corinnidae,Castianeira,Castianeira amoena
Araneomorphae,Corinnidae,Castianeira,Castianeira athena
Araneomorphae,Corinnidae,Castianeira,Castianeira crocata
Araneomorphae,Corinnidae,Castianeira,Castianeira dorsata
Araneomorphae,Corinnidae,Castianeira,Castianeira longipalpa
Araneomorphae,Corinnidae,Castianeira,Castianeira occidens
Araneomorphae,Corinnidae,Castianeira,Castianeira thalia
Araneomorphae,Corinnidae,Castianeira,Castianeira trilineata
Araneomorphae,Corinnidae,Castianeira,Castianeira variata
Araneomorphae,Corinnidae,Castianeira,Redspotted Antmimic (Castianeira descripta)
Araneomorphae,Corinnidae,Castianeira,Twobanded Antmimic (Castianeira cingulata)
Araneomorphae,Corinnidae,Creugas,
Araneomorphae,Corinnidae,Falconina,
Araneomorphae,Corinnidae,Falconina,Falconina gracilis
Araneomorphae,Corinnidae,Septentrinna,
Araneomorphae,Corinnidae,Septentrinna,Septentrinna bicalcarata
Araneomorphae,Ctenidae,,
Araneomorphae,Ctenidae,Anahita,
Araneomorphae,Ctenidae,Anahita,Anahita punctulata
Araneomorphae,Ctenidae,Leptoctenus,
Araneomorphae,Ctenidae,Leptoctenus,Leptoctenus byrrhus
Araneomorphae,Ctenidae,Tropical wolf spiders (Ctenus),
Araneomorphae,Ctenidae,Tropical wolf spiders (Ctenus),Ctenus exlineae
Araneomorphae,Ctenidae,Tropical wolf spiders (Ctenus),Ctenus hibernalis
Araneomorphae,Ctenidae,Tropical wolf spiders (Ctenus),Florida false wolf spider (Ctenus captiosus)
Araneomorphae,Cybaeidae,,
Araneomorphae,Cybaeidae,Blabomma,
Araneomorphae,Cybaeidae,Blabomma,Blabomma californicum
Araneomorphae,Cybaeidae,Calymmaria,
Araneomorphae,Cybaeidae,Calymmaria,Calymmaria emertoni
Araneomorphae,Cybaeidae,Calymmaria,Calymmaria nana
Araneomorphae,Cybaeidae,Calymmaria,Calymmaria persica
Araneomorphae,Cybaeidae,Cryphoeca,
Araneomorphae,Cybaeidae,Cryphoeca,Cryphoeca exlineae
Araneomorphae,Cybaeidae,Cybaeus,
Araneomorphae,Cybaeidae,Cybaeus,Cybaeus eutypus
Araneomorphae,Cybaeidae,Cybaeus,Cybaeus reticulatus
Araneomorphae,Cybaeidae,Cybaeus,Cybaeus signifer
Araneomorphae,Cybaeidae,Dirksia,
Araneomorphae,Cybaeidae,Dirksia,Dirksia cinctipes
Araneomorphae,Deinopidae,,
Araneomorphae,Deinopidae,Ogrefaced spider (Deinopis),
Araneomorphae,Deinopidae,Ogrefaced spider (Deinopis),Deinopis aurita
Araneomorphae,Deinopidae,Ogrefaced spider (Deinopis),Ogrefaced spider (Deinopis spinosa)
Araneomorphae,Desidae,,
Araneomorphae,Desidae,Badumna,
Araneomorphae,Desidae,Badumna,Badumna longinqua
Araneomorphae,Desidae,Metaltella,
Araneomorphae,Desidae,Metaltella,Metaltella simoni
Araneomorphae,Dictynidae,,
Araneomorphae,Dictynidae,Dictyna,
Araneomorphae,Dictynidae,Dictyna,Dictyna brevitarsa
Araneomorphae,Dictynidae,Dictyna,Dictyna calcarata
Araneomorphae,Dictynidae,Dictyna,Dictyna coloradensis
Araneomorphae,Dictynidae,Dictyna,Dictyna foliacea
Araneomorphae,Dictynidae,Dictyna,Dictyna minuta
Araneomorphae,Dictynidae,Dictyna,Dictyna saepei
Araneomorphae,Dictynidae,Dictyna,Dictyna volucripes
Araneomorphae,Dictynidae,Emblyna,
Araneomorphae,Dictynidae,Emblyna,Emblyna borealis cavernosa
Araneomorphae,Dictynidae,Emblyna,Emblyna florens
Araneomorphae,Dictynidae,Emblyna,Emblyna francisca
Araneomorphae,Dictynidae,Emblyna,Emblyna olympiana
Araneomorphae,Dictynidae,Emblyna,Emblyna reticulata
Araneomorphae,Dictynidae,Emblyna,Emblyna sublata
Araneomorphae,Dictynidae,Mallos,
Araneomorphae,Dictynidae,Mallos,Mallos pallidus
Araneomorphae,Dictynidae,Nigma,
Araneomorphae,Dictynidae,Nigma,Nigma linsdalei
Araneomorphae,Diguetidae,,
Araneomorphae,Diguetidae,Diguetia,
Araneomorphae,Diguetidae,Diguetia,Diguetia canities
Araneomorphae,Diguetidae,Diguetia,Diguetia mojavea
Araneomorphae,Dysderidae,,
Araneomorphae,Dysderidae,Dysdera,
Araneomorphae,Dysderidae,Dysdera,Dysdera crocata
Araneomorphae,Filistatidae,,
Araneomorphae,Filistatidae,Kukulcania,
Araneomorphae,Filistatidae,Kukulcania,Kukulcania arizonica
Araneomorphae,Filistatidae,Kukulcania,Kukulcania geophila
Araneomorphae,Filistatidae,Kukulcania,Kukulcania hibernalis
Araneomorphae,Filistatidae,Kukulcania,Kukulcania hurca
Araneomorphae,Filistatidae,Kukulcania,Kukulcania utahana
Araneomorphae,Gnaphosidae,,
Araneomorphae,Gnaphosidae,Callilepis,
Araneomorphae,Gnaphosidae,Callilepis,Callilepis imbecilla
Araneomorphae,Gnaphosidae,Callilepis,Callilepis pluto
Araneomorphae,Gnaphosidae,Camillina,
Araneomorphae,Gnaphosidae,Camillina,Camillina pulchra
Araneomorphae,Gnaphosidae,Cesonia,
Araneomorphae,Gnaphosidae,Cesonia,Cesonia bilineata
Araneomorphae,Gnaphosidae,Cesonia,Cesonia rothi
Araneomorphae,Gnaphosidae,Drassodes,
Araneomorphae,Gnaphosidae,Drassodes,Drassodes neglectus
Araneomorphae,Gnaphosidae,Drassyllus,
Araneomorphae,Gnaphosidae,Drassyllus,Drassyllus aprilinus
Araneomorphae,Gnaphosidae,Drassyllus,Drassyllus creolus
Araneomorphae,Gnaphosidae,Drassyllus,Drassyllus insularis
Araneomorphae,Gnaphosidae,Drassyllus,Drassyllus novus
Araneomorphae,Gnaphosidae,Drassyllus,Drassyllus proclesis
Araneomorphae,Gnaphosidae,Gnaphosa,
Araneomorphae,Gnaphosidae,Gnaphosa,Gnaphosa muscorum
Araneomorphae,Gnaphosidae,Gnaphosa,Gnaphosa parvula
Araneomorphae,Gnaphosidae,Gnaphosa,Gnaphosa sericata
Araneomorphae,Gnaphosidae,Haplodrassus,
Araneomorphae,Gnaphosidae,Haplodrassus,Haplodrassus bicornis
Araneomorphae,Gnaphosidae,Haplodrassus,Haplodrassus signifer
Araneomorphae,Gnaphosidae,Herpyllus,
Araneomorphae,Gnaphosidae,Herpyllus,Eastern Parson Spider (Herpyllus ecclesiasticus)
Araneomorphae,Gnaphosidae,Herpyllus,Western Parson Spider (Herpyllus propinquus)
Araneomorphae,Gnaphosidae,Heser,
Araneomorphae,Gnaphosidae,Heser,Heser schmitzi
Araneomorphae,Gnaphosidae,Micaria,
Araneomorphae,Gnaphosidae,Micaria,Micaria longipes
Araneomorphae,Gnaphosidae,Micaria,Micaria pulicaria
Araneomorphae,Gnaphosidae,Nodocion,
Araneomorphae,Gnaphosidae,Nodocion,Nodocion floridanus
Araneomorphae,Gnaphosidae,Orodrassus,
Araneomorphae,Gnaphosidae,Orodrassus,Orodrassus coloradensis
Araneomorphae,Gnaphosidae,Scopoides,
Araneomorphae,Gnaphosidae,Scopoides,Scopoides catharius
Araneomorphae,Gnaphosidae,Scotophaeus,
Araneomorphae,Gnaphosidae,Scotophaeus,Scotophaeus blackwalli
Araneomorphae,Gnaphosidae,Sergiolus,
Araneomorphae,Gnaphosidae,Sergiolus,Sergiolus capulatus
Araneomorphae,Gnaphosidae,Sergiolus,Sergiolus columbianus
Araneomorphae,Gnaphosidae,Sergiolus,Sergiolus montanus
Araneomorphae,Gnaphosidae,Sosticus,
Araneomorphae,Gnaphosidae,Sosticus,Sosticus insularis
Araneomorphae,Gnaphosidae,Trachyzelotes,
Araneomorphae,Gnaphosidae,Trachyzelotes,Trachyzelotes lyonneti
Araneomorphae,Gnaphosidae,Zelotes,
Araneomorphae,Gnaphosidae,Zelotes,Zelotes duplex
Araneomorphae,Gnaphosidae,Zelotes,Zelotes fratris
Araneomorphae,Gnaphosidae,Zelotes,Zelotes hentzi
Araneomorphae,Gnaphosidae,Zelotes,Zelotes pseustes
Araneomorphae,Hahniidae,,
Araneomorphae,Hahniidae,Cicurina,
Araneomorphae,Hahniidae,Cicurina,Cicurina arcuata
Araneomorphae,Hahniidae,Cicurina,Cicurina brevis
Araneomorphae,Hahniidae,Cicurina,Cicurina bryantae
Araneomorphae,Hahniidae,Cicurina,Cicurina itasca
Araneomorphae,Hahniidae,Cicurina,Cicurina japonica
Araneomorphae,Hahniidae,Cicurina,Cicurina pallida
Araneomorphae,Hahniidae,Cicurina,Cicurina pusilla
Araneomorphae,Hahniidae,Cicurina,Cicurina simplex
Araneomorphae,Hahniidae,Cicurina,Cicurina tersa
Araneomorphae,Hahniidae,Neoantistea,
Araneomorphae,Hahniidae,Neoantistea,Neoantistea agilis
Araneomorphae,Hahniidae,Neoantistea,Neoantistea magna
Araneomorphae,Hersiliidae,,
Araneomorphae,Hersiliidae,Murricia,
Araneomorphae,Hersiliidae,Murricia,Murricia uva
Araneomorphae,Hersiliidae,Neotama,
Araneomorphae,Hersiliidae,Neotama,Neotama mexicana
Araneomorphae,Homalonychidae,,
Araneomorphae,Homalonychidae,Homalonychus,
Araneomorphae,Hypochilidae,,
Araneomorphae,Hypochilidae,Hypochilus,
Araneomorphae,Linyphiidae,,
Araneomorphae,Linyphiidae,Agyneta,
Araneomorphae,Linyphiidae,Agyneta,Agyneta fabra
Araneomorphae,Linyphiidae,Agyneta,Agyneta fillmorana
Araneomorphae,Linyphiidae,Agyneta,Agyneta micaria
Araneomorphae,Linyphiidae,Agyneta,Agyneta semipallida
Araneomorphae,Linyphiidae,Agyneta,Agyneta sheffordiana
Araneomorphae,Linyphiidae,Agyneta,Agyneta unimaculata
Araneomorphae,Linyphiidae,Arcuphantes,
Araneomorphae,Linyphiidae,Arcuphantes,Arcuphantes arcuatulus
Araneomorphae,Linyphiidae,Bathyphantes,
Araneomorphae,Linyphiidae,Bathyphantes,Bathyphantes alascensis
Araneomorphae,Linyphiidae,Bathyphantes,Bathyphantes pallidus
Araneomorphae,Linyphiidae,Bathyphantes,Bathyphantes weyeri
Araneomorphae,Linyphiidae,Centromerita,
Araneomorphae,Linyphiidae,Centromerita,Centromerita bicolor
Araneomorphae,Linyphiidae,Centromerus,
Araneomorphae,Linyphiidae,Centromerus,Centromerus cornupalpis
Araneomorphae,Linyphiidae,Ceraticelus,
Araneomorphae,Linyphiidae,Ceraticelus,Ceraticelus atriceps
Araneomorphae,Linyphiidae,Ceraticelus,Ceraticelus bulbosus
Araneomorphae,Linyphiidae,Ceraticelus,Ceraticelus emertoni
Araneomorphae,Linyphiidae,Ceraticelus,Ceraticelus fissiceps
Araneomorphae,Linyphiidae,Ceraticelus,Ceraticelus similis
Araneomorphae,Linyphiidae,Ceratinopsidis,
Araneomorphae,Linyphiidae,Ceratinopsidis,Ceratinopsidis formosa
Araneomorphae,Linyphiidae,Ceratinopsis,
Araneomorphae,Linyphiidae,Ceratinopsis,Ceratinopsis interpres
Araneomorphae,Linyphiidae,Collinsia,
Araneomorphae,Linyphiidae,Collinsia,Collinsia plumosa
Araneomorphae,Linyphiidae,Coreorgonal,
Araneomorphae,Linyphiidae,Coreorgonal,Coreorgonal monoceros
Araneomorphae,Linyphiidae,Diplocephalus,
Araneomorphae,Linyphiidae,Diplocephalus,Diplocephalus subrostratus
Araneomorphae,Linyphiidae,Diplostyla,
Araneomorphae,Linyphiidae,Diplostyla,Diplostyla concolor
Araneomorphae,Linyphiidae,Disembolus,
Araneomorphae,Linyphiidae,Disembolus,Disembolus corneliae
Araneomorphae,Linyphiidae,Drapestica,
Araneomorphae,Linyphiidae,Drapestica,Drapetisca alteranda
Araneomorphae,Linyphiidae,Emertongone,
Araneomorphae,Linyphiidae,Emertongone,Emertongone montifer
Araneomorphae,Linyphiidae,Eridantes,
Araneomorphae,Linyphiidae,Eridantes,Eridantes erigonoides
Araneomorphae,Linyphiidae,Erigone,
Araneomorphae,Linyphiidae,Erigone,Erigone aletris
Araneomorphae,Linyphiidae,Erigone,Erigone atra
Araneomorphae,Linyphiidae,Erigone,Erigone autumnalis
Araneomorphae,Linyphiidae,Erigone,Erigone dentigera
Araneomorphae,Linyphiidae,Erigone,Erigone dentosa
Araneomorphae,Linyphiidae,Florinda,
Araneomorphae,Linyphiidae,Florinda,Florinda coccinea
Araneomorphae,Linyphiidae,Frontinella,
Araneomorphae,Linyphiidae,Frontinella,Frontinella huachuca
Araneomorphae,Linyphiidae,Frontinella,Frontinella pyramitela
Araneomorphae,Linyphiidae,Gonatium,
Araneomorphae,Linyphiidae,Gonatium,Gonatium crassipalpum
Araneomorphae,Linyphiidae,Goneatara,
Araneomorphae,Linyphiidae,Goneatara,Goneatara plausibilis
Araneomorphae,Linyphiidae,Grammonota,
Araneomorphae,Linyphiidae,Grammonota,Grammonota angusta
Araneomorphae,Linyphiidae,Grammonota,Grammonota gentilis
Araneomorphae,Linyphiidae,Grammonota,Grammonota inornata
Araneomorphae,Linyphiidae,Grammonota,Grammonota pallipes
Araneomorphae,Linyphiidae,Grammonota,Grammonota pictilis
Araneomorphae,Linyphiidae,Grammonota,Grammonota vittata
Araneomorphae,Linyphiidae,Helophora,
Araneomorphae,Linyphiidae,Helophora,Helophora insignis
Araneomorphae,Linyphiidae,Helophora,Helophora reducta
Araneomorphae,Linyphiidae,Hypselistes,
Araneomorphae,Linyphiidae,Hypselistes,Hypselistes florens
Araneomorphae,Linyphiidae,Idionella,
Araneomorphae,Linyphiidae,Idionella,Idionella rugosa
Araneomorphae,Linyphiidae,Islandiana,
Araneomorphae,Linyphiidae,Islandiana,Islandiana flaveola
Araneomorphae,Linyphiidae,Lepthyphantes,
Araneomorphae,Linyphiidae,Lepthyphantes,Lepthyphantes leprosus
Araneomorphae,Linyphiidae,Lepthyphantes,Lepthyphantes turbatrix
Araneomorphae,Linyphiidae,Linyphantes,
Araneomorphae,Linyphiidae,Linyphantes,Linyphantes orcinus
Araneomorphae,Linyphiidae,Linyphantes,Linyphantes pualla
Araneomorphae,Linyphiidae,Linyphantes,Linyphantes victoria
Araneomorphae,Linyphiidae,Linyphantes,Linyphia triangularis
Araneomorphae,Linyphiidae,Megalepthyphantes,
Araneomorphae,Linyphiidae,Megalepthyphantes,Megalepthyphantes nebulosus
Araneomorphae,Linyphiidae,Mermessus,
Araneomorphae,Linyphiidae,Mermessus,Mermessus fradeorum
Araneomorphae,Linyphiidae,Mermessus,Mermessus trilobatus
Araneomorphae,Linyphiidae,Microlinyphia,
Araneomorphae,Linyphiidae,Microlinyphia,Microlinyphia dana
Araneomorphae,Linyphiidae,Microlinyphia,Microlinyphia mandibulata
Araneomorphae,Linyphiidae,Microlinyphia,Microlinyphia pusilla
Araneomorphae,Linyphiidae,Microneta,
Araneomorphae,Linyphiidae,Microneta,Microneta viaria
Araneomorphae,Linyphiidae,Neriene,
Araneomorphae,Linyphiidae,Neriene,Neriene clathrata
Araneomorphae,Linyphiidae,Neriene,Neriene digna
Araneomorphae,Linyphiidae,Neriene,Neriene litigiosa
Araneomorphae,Linyphiidae,Neriene,Neriene radiata
Araneomorphae,Linyphiidae,Neriene,Neriene variabilis
Araneomorphae,Linyphiidae,Origanates,
Araneomorphae,Linyphiidae,Origanates,Origanates rostratus
Araneomorphae,Linyphiidae,Pityohyphantes,
Araneomorphae,Linyphiidae,Pityohyphantes,Pityohyphantes costatus
Araneomorphae,Linyphiidae,Pityohyphantes,Pityohyphantes subarcticus
Araneomorphae,Linyphiidae,Pocadicnemis,
Araneomorphae,Linyphiidae,Pocadicnemis,Pocadicnemis pumila
Araneomorphae,Linyphiidae,Pocobletus,
Araneomorphae,Linyphiidae,Pocobletus,Pocobletus coroniger
Araneomorphae,Linyphiidae,Poeciloneta,
Araneomorphae,Linyphiidae,Poeciloneta,Poeciloneta lyrica
Araneomorphae,Linyphiidae,Praestigia,
Araneomorphae,Linyphiidae,Praestigia,Praestigia kulczynskii
Araneomorphae,Linyphiidae,Scotinotylus,
Araneomorphae,Linyphiidae,Scotinotylus,Scotinotylus sanctus
Araneomorphae,Linyphiidae,Soulgas,
Araneomorphae,Linyphiidae,Soulgas,Soulgas corticarius
Araneomorphae,Linyphiidae,Spirembolus,
Araneomorphae,Linyphiidae,Spirembolus,Spirembolus mundus
Araneomorphae,Linyphiidae,Styloctetor,
Araneomorphae,Linyphiidae,Styloctetor,Styloctetor purpurescens
Araneomorphae,Linyphiidae,Tachygyna,
Araneomorphae,Linyphiidae,Tachygyna,Tachygyna vancouverana
Araneomorphae,Linyphiidae,Tapinocyba,
Araneomorphae,Linyphiidae,Tapinocyba,Tapinocyba cameroni
Araneomorphae,Linyphiidae,Tapinopa,
Araneomorphae,Linyphiidae,Tapinopa,Tapinopa bilineata
Araneomorphae,Linyphiidae,Tennesseellum,
Araneomorphae,Linyphiidae,Tennesseellum,Tennesseellum formica
Araneomorphae,Linyphiidae,Tenuiphantes,
Araneomorphae,Linyphiidae,Tenuiphantes,Tenuiphantes sabulosus
Araneomorphae,Linyphiidae,Tenuiphantes,Tenuiphantes tenuis
Araneomorphae,Linyphiidae,Tenuiphantes,Tenuiphantes zebra
Araneomorphae,Linyphiidae,Tenuiphantes,Tenuiphantes zibus
Araneomorphae,Linyphiidae,Tmeticus,
Araneomorphae,Linyphiidae,Tmeticus,Tmeticus ornatus
Araneomorphae,Linyphiidae,Walckenaeria,
Araneomorphae,Linyphiidae,Walckenaeria,Walckenaeria carolina
Araneomorphae,Linyphiidae,Walckenaeria,Walckenaeria castanea
Araneomorphae,Linyphiidae,Walckenaeria,Walckenaeria pallida
Araneomorphae,Linyphiidae,Wubana,
Araneomorphae,Linyphiidae,Wubana,Wubana atypica
Araneomorphae,Linyphiidae,Wubana,Wubana pacifica
Araneomorphae,Linyphiidae,Zornella,
Araneomorphae,Linyphiidae,Zornella,Zornella armata
Araneomorphae,Liocranidae,,
Araneomorphae,Liocranidae,Agroeca,
Araneomorphae,Lycosidae,,
Araneomorphae,Lycosidae,Allocosa,
Araneomorphae,Lycosidae,Allocosa,Allocosa sublata
Araneomorphae,Lycosidae,Allocosa,Allocosa absoluta
Araneomorphae,Lycosidae,Allocosa,Allocosa funerea
Araneomorphae,Lycosidae,Alopecosa,
Araneomorphae,Lycosidae,Alopecosa,Alopecosa aculeata
Araneomorphae,Lycosidae,Alopecosa,Alopecosa kochi
Araneomorphae,Lycosidae,Arctosa,
Araneomorphae,Lycosidae,Arctosa,Arctosa alpigena
Araneomorphae,Lycosidae,Arctosa,Arctosa alpigena
Araneomorphae,Lycosidae,Arctosa,Arctosa littoralis
Araneomorphae,Lycosidae,Arctosa,Arctosa perita
Araneomorphae,Lycosidae,Arctosa,Arctosa rubicunda
Araneomorphae,Lycosidae,Arctosa,Arctosa sanctaerosae
Araneomorphae,Lycosidae,Camptocosa,
Araneomorphae,Lycosidae,Camptocosa,Camptocosa parallela
Araneomorphae,Lycosidae,Geolycosa,
Araneomorphae,Lycosidae,Geolycosa,Geolycosa fatifera
Araneomorphae,Lycosidae,Geolycosa,Geolycosa hubbelli
Araneomorphae,Lycosidae,Geolycosa,Geolycosa micanopy
Araneomorphae,Lycosidae,Geolycosa,Geolycosa missouriensis
Araneomorphae,Lycosidae,Geolycosa,Geolycosa patellonigra
Araneomorphae,Lycosidae,Geolycosa,Geolycosa rafaelana
Araneomorphae,Lycosidae,Geolycosa,Geolycosa riograndae
Araneomorphae,Lycosidae,Geolycosa,Geolycosa turricola
Araneomorphae,Lycosidae,Geolycosa,Geolycosa wrighti
Araneomorphae,Lycosidae,Gladicosa,
Araneomorphae,Lycosidae,Gladicosa,Gladicosa gulosa
Araneomorphae,Lycosidae,Gladicosa,Gladicosa pulchra
Araneomorphae,Lycosidae,Hogna,
Araneomorphae,Lycosidae,Hogna,Hogna antelucana
Araneomorphae,Lycosidae,Hogna,Hogna antelucana
Araneomorphae,Lycosidae,Hogna,Hogna baltimoriana
Araneomorphae,Lycosidae,Hogna,Hogna carolinensis
Araneomorphae,Lycosidae,Hogna,Hogna coloradensis
Araneomorphae,Lycosidae,Hogna,Hogna frondicola
Araneomorphae,Lycosidae,Hogna,Hogna lenta
Araneomorphae,Lycosidae,Pardosa,
Araneomorphae,Lycosidae,Pardosa,Pardosa atromedia
Araneomorphae,Lycosidae,Pardosa,Pardosa concinna
Araneomorphae,Lycosidae,Pardosa,Pardosa distincta
Araneomorphae,Lycosidae,Pardosa,Pardosa dorsuncata
Araneomorphae,Lycosidae,Pardosa,Pardosa lapidicina
Araneomorphae,Lycosidae,Pardosa,Pardosa mackenziana
Araneomorphae,Lycosidae,Pardosa,Pardosa metlakatla
Araneomorphae,Lycosidae,Pardosa,Pardosa milvina
Araneomorphae,Lycosidae,Pardosa,Pardosa modica
Araneomorphae,Lycosidae,Pardosa,Pardosa moesta
Araneomorphae,Lycosidae,Pardosa,Pardosa ontariensis
Araneomorphae,Lycosidae,Pardosa,Pardosa pauxilla
Araneomorphae,Lycosidae,Pardosa,Pardosa tesquorum
Araneomorphae,Lycosidae,Pardosa,Pardosa vancouveri
Araneomorphae,Lycosidae,Pardosa,Pardosa xerampelina
Araneomorphae,Lycosidae,Pirata,
Araneomorphae,Lycosidae,Pirata,Pirata montanus
Araneomorphae,Lycosidae,Pirata,Pirata piraticus
Araneomorphae,Lycosidae,Pirata,Pirata sedentarius
Araneomorphae,Lycosidae,Piratula,
Araneomorphae,Lycosidae,Piratula,Piratula cantralli
Araneomorphae,Lycosidae,Rabidosa,
Araneomorphae,Lycosidae,Rabidosa,Rabidosa carrana
Araneomorphae,Lycosidae,Rabidosa,Rabidosa hentzi
Araneomorphae,Lycosidae,Rabidosa,Rabidosa punctulata
Araneomorphae,Lycosidae,Rabidosa,Rabidosa rabida
Araneomorphae,Lycosidae,Rabidosa,Rabidosa santrita
Araneomorphae,Lycosidae,Schizocosa,
Araneomorphae,Lycosidae,Schizocosa,Schizocosa avida
Araneomorphae,Lycosidae,Schizocosa,Schizocosa crassipes
Araneomorphae,Lycosidae,Schizocosa,Schizocosa mccooki
Araneomorphae,Lycosidae,Schizocosa,Schizocosa minnesotensis
Araneomorphae,Lycosidae,Schizocosa,Schizocosa ocreata
Araneomorphae,Lycosidae,Schizocosa,Schizocosa retrorsa
Araneomorphae,Lycosidae,Schizocosa,Schizocosa stridulans
Araneomorphae,Lycosidae,Sosippus,
Araneomorphae,Lycosidae,Sosippus,Sosippus californicus
Araneomorphae,Lycosidae,Sosippus,Sosippus floridanus
Araneomorphae,Lycosidae,Sosippus,Sosippus mimus
Araneomorphae,Lycosidae,Sosippus,Sosippus placidus
Araneomorphae,Lycosidae,Tigrosa,
Araneomorphae,Lycosidae,Tigrosa,Tigrosa annexa
Araneomorphae,Lycosidae,Tigrosa,Tigrosa aspersa
Araneomorphae,Lycosidae,Tigrosa,Tigrosa georgicola
Araneomorphae,Lycosidae,Tigrosa,Tigrosa grandis
Araneomorphae,Lycosidae,Tigrosa,Tigrosa helluo
Araneomorphae,Lycosidae,Trabeops,
Araneomorphae,Lycosidae,Trabeops,Trabeops aurantiacus
Araneomorphae,Lycosidae,Trebacosa,
Araneomorphae,Lycosidae,Trebacosa,Trebacosa marxi
Araneomorphae,Lycosidae,Trochosa,
Araneomorphae,Lycosidae,Trochosa,Trochosa ruricola
Araneomorphae,Lycosidae,Trochosa,Trochosa sepulchralis
Araneomorphae,Lycosidae,Trochosa,Trochosa terricola
Araneomorphae,Lycosidae,Varacosa,
Araneomorphae,Lycosidae,Varacosa,Varacosa avara
Araneomorphae,Mimetidae,,
Araneomorphae,Mimetidae,Ero,
Araneomorphae,Mimetidae,Ero,Ero canionis
Araneomorphae,Mimetidae,Ero,Ero pensacolae
Araneomorphae,Mimetidae,Mimetus,
Araneomorphae,Mimetidae,Mimetus,Mimetus eutypus
Araneomorphae,Mimetidae,Mimetus,Mimetus hesperus
Araneomorphae,Mimetidae,Mimetus,Mimetus notius
Araneomorphae,Mimetidae,Mimetus,Mimetus puritanus
Araneomorphae,Miturgidae,,
Araneomorphae,Miturgidae,Syspira,
Araneomorphae,Miturgidae,Terminius,
Araneomorphae,Miturgidae,Terminius,Teminius affinis
Araneomorphae,Miturgidae,Zora,
Araneomorphae,Miturgidae,Zora,Zora hespera
Araneomorphae,Miturgidae,Zora,Zora pumila
Araneomorphae,Mysmenidae,,
Araneomorphae,Nesticidae,,
Araneomorphae,Nesticidae,Eidmanella,
Araneomorphae,Nesticidae,Nesticus,
Araneomorphae,Oecobiidae,,
Araneomorphae,Oecobiidae,Oecobius,
Araneomorphae,Oecobiidae,Oecobius,Oecobius annulipes
Araneomorphae,Oecobiidae,Oecobius,Oecobius cellariorum
Araneomorphae,Oecobiidae,Oecobius,Oecobius maculatus
Araneomorphae,Oecobiidae,Oecobius,Oecobius navus
Araneomorphae,Oonopidae,,
Araneomorphae,Oonopidae,Heteroonops,
Araneomorphae,Oonopidae,Opopaea,
Araneomorphae,Oxyopidae,,
Araneomorphae,Oxyopidae,Hamataliwa,
Araneomorphae,Oxyopidae,Hamataliwa,Hamataliwa grisea
Araneomorphae,Oxyopidae,Hamataliwa,Hamataliwa helia
Araneomorphae,Oxyopidae,Oxyopes,
Araneomorphae,Oxyopidae,Oxyopes,Oxyopes acleistus
Araneomorphae,Oxyopidae,Oxyopes,Oxyopes aglossus
Araneomorphae,Oxyopidae,Oxyopes,Oxyopes apollo
Araneomorphae,Oxyopidae,Oxyopes,Oxyopes salticus
Araneomorphae,Oxyopidae,Oxyopes,Oxyopes scalaris
Araneomorphae,Oxyopidae,Oxyopes,Oxyopes tridens
Araneomorphae,Oxyopidae,Peucetia,
Araneomorphae,Oxyopidae,Peucetia,Peucetia longipalpis
Araneomorphae,Oxyopidae,Peucetia,Peucetia viridans
Araneomorphae,Philodromidae,,
Araneomorphae,Philodromidae,Apollophanes,
Araneomorphae,Philodromidae,Apollophanes,Apollophanes margareta
Araneomorphae,Philodromidae,Apollophanes,Apollophanes texanus
Araneomorphae,Philodromidae,Ebo,
Araneomorphae,Philodromidae,Ebo,Ebo latithorax
Araneomorphae,Philodromidae,Ebo,Ebo pepinensis
Araneomorphae,Philodromidae,Philodromus,
Araneomorphae,Philodromidae,Philodromus,Philodromus californicus
Araneomorphae,Philodromidae,Philodromus,Philodromus cespitum
Araneomorphae,Philodromidae,Philodromus,Philodromus dispar
Araneomorphae,Philodromidae,Philodromus,Philodromus exilis
Araneomorphae,Philodromidae,Philodromus,Philodromus floridensis
Araneomorphae,Philodromidae,Philodromus,Philodromus imbecillus
Araneomorphae,Philodromidae,Philodromus,Philodromus keyserlingi
Araneomorphae,Philodromidae,Philodromus,Philodromus laticeps
Araneomorphae,Philodromidae,Philodromus,Philodromus marxi
Araneomorphae,Philodromidae,Philodromus,Philodromus minutus
Araneomorphae,Philodromidae,Philodromus,Philodromus pinyonelis
Araneomorphae,Philodromidae,Philodromus,Philodromus placidus
Araneomorphae,Philodromidae,Philodromus,Philodromus praelustris
Araneomorphae,Philodromidae,Philodromus,Philodromus rufus
Araneomorphae,Philodromidae,Philodromus,Philodromus spectabilis
Araneomorphae,Philodromidae,Rhysodromus,
Araneomorphae,Philodromidae,Rhysodromus,Rhysodromus alascensis
Araneomorphae,Philodromidae,Rhysodromus,Rhysodromus histrio
Araneomorphae,Philodromidae,Rhysodromus,Rhysodromus mysticus
Araneomorphae,Philodromidae,Thanatus,
Araneomorphae,Philodromidae,Thanatus,Thanatus formicinus
Araneomorphae,Philodromidae,Thanatus,Thanatus rubicellus
Araneomorphae,Philodromidae,Thanatus,Thanatus vulgaris
Araneomorphae,Philodromidae,Tibellus,
Araneomorphae,Philodromidae,Tibellus,Tibellus duttoni
Araneomorphae,Philodromidae,Tibellus,Tibellus maritimus
Araneomorphae,Philodromidae,Tibellus,Tibellus oblongus
Araneomorphae,Philodromidae,Titanebo,
Araneomorphae,Pholcidae,,
Araneomorphae,Pholcidae,Crossopriza,
Araneomorphae,Pholcidae,Crossopriza,Crossopriza lyoni
Araneomorphae,Pholcidae,Holocnemus,
Araneomorphae,Pholcidae,Holocnemus,Holocnemus pluchei
Araneomorphae,Pholcidae,Modisimus,
Araneomorphae,Pholcidae,Modisimus,Modisimus culicinus
Araneomorphae,Pholcidae,Pholcophora,
Araneomorphae,Pholcidae,Pholcophora,Pholcophora americana
Araneomorphae,Pholcidae,Pholcus,
Araneomorphae,Pholcidae,Pholcus,Pholcus manueli
Araneomorphae,Pholcidae,Pholcus,Pholcus opilionoides
Araneomorphae,Pholcidae,Pholcus,Pholcus phalangioides
Araneomorphae,Pholcidae,Pholcus,Pholcus possibile crypticolens
Araneomorphae,Pholcidae,Physocyclus,
Araneomorphae,Pholcidae,Physocyclus,Physocyclus enaulus
Araneomorphae,Pholcidae,Psilochorus,
Araneomorphae,Pholcidae,Psilochorus,Psilochorus apicalis
Araneomorphae,Pholcidae,Psilochorus,Psilochorus californiae
Araneomorphae,Pholcidae,Psilochorus,Psilochorus hesperus
Araneomorphae,Pholcidae,Psilochorus,Psilochorus utahensis
Araneomorphae,Pholcidae,Smeringopus,
Araneomorphae,Pholcidae,Smeringopus,Smeringopus pallidus
Araneomorphae,Pholcidae,Spermophora,
Araneomorphae,Pholcidae,Spermophora,Spermophora senoculata
Araneomorphae,Phrurolithidae,,
Araneomorphae,Phrurolithidae,Phrurotimpus,
Araneomorphae,Phrurolithidae,Phrurotimpus,Phrurolithus pipensis
Araneomorphae,Phrurolithidae,Phrurotimpus,Phrurotimpus alarius
Araneomorphae,Phrurolithidae,Phrurotimpus,Phrurotimpus borealis
Araneomorphae,Phrurolithidae,Scotinella,
Araneomorphae,Phrurolithidae,Scotinella,Scotinella fratrella
Araneomorphae,Phrurolithidae,Scotinella,Scotinella minnetonka
Araneomorphae,Pimoidae,,
Araneomorphae,Pimoidae,Pimoa,
Araneomorphae,Pimoidae,Pimoa,Pimoa altioculata
Araneomorphae,Pisauridae,,
Araneomorphae,Pisauridae,Dolomedes,
Araneomorphae,Pisauridae,Dolomedes,Dolomedes albineus
Araneomorphae,Pisauridae,Dolomedes,Dolomedes okefinokensis
Araneomorphae,Pisauridae,Dolomedes,Dolomedes scriptus
Araneomorphae,Pisauridae,Dolomedes,Dolomedes striatus
Araneomorphae,Pisauridae,Dolomedes,Dolomedes tenebrosus
Araneomorphae,Pisauridae,Dolomedes,Dolomedes triton
Araneomorphae,Pisauridae,Dolomedes,Dolomedes vittatus
Araneomorphae,Pisauridae,Pisaurina,
Araneomorphae,Pisauridae,Pisaurina,Pisaurina brevipes
Araneomorphae,Pisauridae,Pisaurina,Pisaurina dubia
Araneomorphae,Pisauridae,Pisaurina,Pisaurina mira
Araneomorphae,Pisauridae,Pisaurina,Pisaurina undulata
Araneomorphae,Pisauridae,Tinus,
Araneomorphae,Pisauridae,Tinus,Tinus peregrinus
Araneomorphae,Plectreuridae,,
Araneomorphae,Plectreuridae,Kibramoa,
Araneomorphae,Plectreuridae,Plectreurys,
Araneomorphae,Salticidae,,
Araneomorphae,Salticidae,Admestina,
Araneomorphae,Salticidae,Admestina,Admestina tibialis
Araneomorphae,Salticidae,Anasaitis,
Araneomorphae,Salticidae,Anasaitis,Anasaitis canosa
Araneomorphae,Salticidae,Attidops,
Araneomorphae,Salticidae,Attidops,Attidops youngi
Araneomorphae,Salticidae,Attinella,
Araneomorphae,Salticidae,Attinella,Attinella concolor
Araneomorphae,Salticidae,Attinella,Attinella dorsata
Araneomorphae,Salticidae,Attulus,
Araneomorphae,Salticidae,Attulus,Attulus ammophilus
Araneomorphae,Salticidae,Attulus,Attulus fasciger
Araneomorphae,Salticidae,Attulus,Attulus floricola
Araneomorphae,Salticidae,Attulus,Attulus pubescens
Araneomorphae,Salticidae,Attulus,Attulus striatus
Araneomorphae,Salticidae,Bagheera,
Araneomorphae,Salticidae,Bagheera,Bagheera prosper
Araneomorphae,Salticidae,Beata,
Araneomorphae,Salticidae,Beata,Beata wickhami
Araneomorphae,Salticidae,Chalcoscirtus,
Araneomorphae,Salticidae,Chalcoscirtus,Chalcoscirtus diminutus
Araneomorphae,Salticidae,Chinattus,
Araneomorphae,Salticidae,Chinattus,Chinattus parvulus
Araneomorphae,Salticidae,Colonus,
Araneomorphae,Salticidae,Colonus,Colonus hesperus
Araneomorphae,Salticidae,Colonus,Colonus puerperus
Araneomorphae,Salticidae,Colonus,Colonus sylvanus
Araneomorphae,Salticidae,Eris,
Araneomorphae,Salticidae,Eris,Bronze Jumper (Eris militaris)
Araneomorphae,Salticidae,Eris,Eris flava
Araneomorphae,Salticidae,Eris,Eris floridana
Araneomorphae,Salticidae,Eris,Eris rufa
Araneomorphae,Salticidae,Euophrys,
Araneomorphae,Salticidae,Euophrys,Euophrys monadnock
Araneomorphae,Salticidae,Evarcha,
Araneomorphae,Salticidae,Evarcha,Evarcha hoyi
Araneomorphae,Salticidae,Evarcha,Evarcha proszynskii
Araneomorphae,Salticidae,Ghelna,
Araneomorphae,Salticidae,Ghelna,Ghelna canadensis
Araneomorphae,Salticidae,Habronattus,
Araneomorphae,Salticidae,Habronattus,Eyebrowed Jumper (Habronattus notialis)
Araneomorphae,Salticidae,Habronattus,Habronattus agilis
Araneomorphae,Salticidae,Habronattus,Habronattus americanus
Araneomorphae,Salticidae,Habronattus,Habronattus amicus
Araneomorphae,Salticidae,Habronattus,Habronattus borealis
Araneomorphae,Salticidae,Habronattus,Habronattus brunneus
Araneomorphae,Salticidae,Habronattus,Habronattus calcaratus
Araneomorphae,Salticidae,Habronattus,Habronattus californicus
Araneomorphae,Salticidae,Habronattus,Habronattus clypeatus
Araneomorphae,Salticidae,Habronattus,Habronattus coecatus
Araneomorphae,Salticidae,Habronattus,Habronattus cognatus
Araneomorphae,Salticidae,Habronattus,Habronattus conjunctus
Araneomorphae,Salticidae,Habronattus,Habronattus cuspidatus
Araneomorphae,Salticidae,Habronattus,Habronattus decorus
Araneomorphae,Salticidae,Habronattus,Habronattus dossenus
Araneomorphae,Salticidae,Habronattus,Habronattus elegans
Araneomorphae,Salticidae,Habronattus,Habronattus festus
Araneomorphae,Salticidae,Habronattus,Habronattus formosus
Araneomorphae,Salticidae,Habronattus,Habronattus georgiensis
Araneomorphae,Salticidae,Habronattus,Habronattus geronimoi
Araneomorphae,Salticidae,Habronattus,Habronattus hallani
Araneomorphae,Salticidae,Habronattus,Habronattus hirsutus
Araneomorphae,Salticidae,Habronattus,Habronattus icenoglei
Araneomorphae,Salticidae,Habronattus,Habronattus klauseri
Araneomorphae,Salticidae,Habronattus,Habronattus luminosus
Araneomorphae,Salticidae,Habronattus,Habronattus mataxus
Araneomorphae,Salticidae,Habronattus,Habronattus ophrys
Araneomorphae,Salticidae,Habronattus,Habronattus orbus
Araneomorphae,Salticidae,Habronattus,Habronattus oregonensis
Araneomorphae,Salticidae,Habronattus,Habronattus pyrrithrix
Araneomorphae,Salticidae,Habronattus,Habronattus schlingeri
Araneomorphae,Salticidae,Habronattus,Habronattus tarsalis
Araneomorphae,Salticidae,Habronattus,Habronattus texanus
Araneomorphae,Salticidae,Habronattus,Habronattus virgulatus
Araneomorphae,Salticidae,Habronattus,Habronattus viridipes
Araneomorphae,Salticidae,Habronattus,Ocala Jumper (Habronattus ocala)
Araneomorphae,Salticidae,Hakka,
Araneomorphae,Salticidae,Hakka,Hakka himeshimensis
Araneomorphae,Salticidae,Heliophanus,
Araneomorphae,Salticidae,Heliophanus,Heliophanus kochii
Araneomorphae,Salticidae,Hentzia,
Araneomorphae,Salticidae,Hentzia,Hentzia chekika
Araneomorphae,Salticidae,Hentzia,Hentzia mitrata
Araneomorphae,Salticidae,Hentzia,Hentzia palmarum
Araneomorphae,Salticidae,Hyetussa,
Araneomorphae,Salticidae,Hyetussa,Hyetussa complicata
Araneomorphae,Salticidae,Leptofreya,
Araneomorphae,Salticidae,Leptofreya,Leptofreya ambigua
Araneomorphae,Salticidae,Lyssomanes,
Araneomorphae,Salticidae,Lyssomanes,Magnolia Green Jumper (Lyssomanes viridis)
Araneomorphae,Salticidae,Maevia,
Araneomorphae,Salticidae,Maevia,Dimorphic Jumper (Maevia inclemens)
Araneomorphae,Salticidae,Marchena,
Araneomorphae,Salticidae,Marchena,Marchena minuta
Araneomorphae,Salticidae,Marpissa,
Araneomorphae,Salticidae,Marpissa,Marpissa bina
Araneomorphae,Salticidae,Marpissa,Marpissa formosa
Araneomorphae,Salticidae,Marpissa,Marpissa grata
Araneomorphae,Salticidae,Marpissa,Marpissa lineata
Araneomorphae,Salticidae,Marpissa,Marpissa obtusa
Araneomorphae,Salticidae,Marpissa,Marpissa robusta
Araneomorphae,Salticidae,Marpissa,Pike Slender Jumper (Marpissa pikei)
Araneomorphae,Salticidae,Menemerus,
Araneomorphae,Salticidae,Menemerus,Gray Wall Jumper (Menemerus bivittatus)
Araneomorphae,Salticidae,Menemerus,Menemerus semilimbatus
Araneomorphae,Salticidae,Messua,
Araneomorphae,Salticidae,Messua,Messua limbata
Araneomorphae,Salticidae,Metacyrba,
Araneomorphae,Salticidae,Metacyrba,Metacyrba floridana
Araneomorphae,Salticidae,Metacyrba,Metacyrba punctata
Araneomorphae,Salticidae,Metacyrba,Metacyrba taeniola
Araneomorphae,Salticidae,Metaphidippus,
Araneomorphae,Salticidae,Metaphidippus,Metaphidippus chera
Araneomorphae,Salticidae,Metaphidippus,Metaphidippus iviei
Araneomorphae,Salticidae,Metaphidippus,Metaphidippus manni
Araneomorphae,Salticidae,Mexigonus,
Araneomorphae,Salticidae,Mexigonus,Mexigonus minutus
Araneomorphae,Salticidae,Mexigonus,Mexigonus morosus
Araneomorphae,Salticidae,Myrmarachne,
Araneomorphae,Salticidae,Myrmarachne,Myrmarachne formicaria
Araneomorphae,Salticidae,Naphrys,
Araneomorphae,Salticidae,Naphrys,Naphrys acerba
Araneomorphae,Salticidae,Naphrys,Naphrys pulex
Araneomorphae,Salticidae,Naphrys,Naphrys xerophila
Araneomorphae,Salticidae,Neon,
Araneomorphae,Salticidae,Neon,Neon ellamae
Araneomorphae,Salticidae,Neon,Neon nelli
Araneomorphae,Salticidae,Neon,Neon reticulatus
Araneomorphae,Salticidae,Paradamoetas,
Araneomorphae,Salticidae,Paradamoetas,Paradamoetas fontanus
Araneomorphae,Salticidae,Paramaevia,
Araneomorphae,Salticidae,Paramaevia,Paramaevia michelsoni
Araneomorphae,Salticidae,Paramaevia,Paramaevia poultoni
Araneomorphae,Salticidae,Paraphidippus,
Araneomorphae,Salticidae,Paraphidippus,Paraphidippus aurantius
Araneomorphae,Salticidae,Paraphidippus,Paraphidippus basalis
Araneomorphae,Salticidae,Peckhamia,
Araneomorphae,Salticidae,Peckhamia,Peckhamia americana
Araneomorphae,Salticidae,Pelegrina,
Araneomorphae,Salticidae,Pelegrina,Pelegrina aeneola
Araneomorphae,Salticidae,Pelegrina,Pelegrina arizonensis
Araneomorphae,Salticidae,Pelegrina,Pelegrina clemata
Araneomorphae,Salticidae,Pelegrina,Pelegrina exigua
Araneomorphae,Salticidae,Pelegrina,Pelegrina flaviceps
Araneomorphae,Salticidae,Pelegrina,Pelegrina flavipes
Araneomorphae,Salticidae,Pelegrina,Pelegrina insignis
Araneomorphae,Salticidae,Pelegrina,Pelegrina pervaga
Araneomorphae,Salticidae,Pelegrina,Pelegrina proterva
Araneomorphae,Salticidae,Pelegrina,Pelegrina tillandsiae
Araneomorphae,Salticidae,Pelegrina,Peppered Jumper (Pelegrina galathea)
Araneomorphae,Salticidae,Pellenes,
Araneomorphae,Salticidae,Phanias,
Araneomorphae,Salticidae,Phanias,Phanias albeolus
Araneomorphae,Salticidae,Phanias,Phanias concoloratus
Araneomorphae,Salticidae,Phanias,Phanias harfordi
Araneomorphae,Salticidae,Phidippus,
Araneomorphae,Salticidae,Phidippus,Bold Jumper (Phidippus audax)
Araneomorphae,Salticidae,Phidippus,Cardinal Jumper (Phidippus cardinalis)
Araneomorphae,Salticidae,Phidippus,Phidippus adumbratus
Araneomorphae,Salticidae,Phidippus,Phidippus apacheanus
Araneomorphae,Salticidae,Phidippus,Phidippus ardens
Araneomorphae,Salticidae,Phidippus,Phidippus arizonensis
Araneomorphae,Salticidae,Phidippus,Phidippus asotus
Araneomorphae,Salticidae,Phidippus,Phidippus audax group)
Araneomorphae,Salticidae,Phidippus,Phidippus borealis
Araneomorphae,Salticidae,Phidippus,Phidippus californicus
Araneomorphae,Salticidae,Phidippus,Phidippus carneus
Araneomorphae,Salticidae,Phidippus,Phidippus carolinensis
Araneomorphae,Salticidae,Phidippus,Phidippus clarus
Araneomorphae,Salticidae,Phidippus,Phidippus comatus
Araneomorphae,Salticidae,Phidippus,Phidippus insignarius
Araneomorphae,Salticidae,Phidippus,Phidippus johnsoni
Araneomorphae,Salticidae,Phidippus,Phidippus mystaceus
Araneomorphae,Salticidae,Phidippus,Phidippus nikites
Araneomorphae,Salticidae,Phidippus,Phidippus octopunctatus
Araneomorphae,Salticidae,Phidippus,Phidippus otiosus
Araneomorphae,Salticidae,Phidippus,Phidippus phoenix
Araneomorphae,Salticidae,Phidippus,Phidippus pius
Araneomorphae,Salticidae,Phidippus,Phidippus princeps
Araneomorphae,Salticidae,Phidippus,Phidippus purpuratus
Araneomorphae,Salticidae,Phidippus,Phidippus putnami
Araneomorphae,Salticidae,Phidippus,Phidippus richmani
Araneomorphae,Salticidae,Phidippus,Phidippus texanus
Araneomorphae,Salticidae,Phidippus,Phidippus toro
Araneomorphae,Salticidae,Phidippus,Phidippus tux
Araneomorphae,Salticidae,Phidippus,Phidippus tyrrellii
Araneomorphae,Salticidae,Phidippus,Phidippus whitmani
Araneomorphae,Salticidae,Phidippus,Phidippus workmani
Araneomorphae,Salticidae,Phidippus,Regal Jumper (Phidippus regius)
Araneomorphae,Salticidae,Phlegra,
Araneomorphae,Salticidae,Phlegra,Phlegra hentzi
Araneomorphae,Salticidae,Platycryptus,
Araneomorphae,Salticidae,Platycryptus,Platycryptus californicus
Araneomorphae,Salticidae,Platycryptus,Platycryptus undatus
Araneomorphae,Salticidae,Plexippus,
Araneomorphae,Salticidae,Plexippus,Plexippus paykulli
Araneomorphae,Salticidae,Pseudeuophrys,
Araneomorphae,Salticidae,Pseudeuophrys,Pseudeuophrys erratica
Araneomorphae,Salticidae,Salticus,
Araneomorphae,Salticidae,Salticus,Salticus austinensis
Araneomorphae,Salticidae,Salticus,Salticus palpalis
Araneomorphae,Salticidae,Salticus,Zebra Jumper (Salticus scenicus)
Araneomorphae,Salticidae,Sarinda,
Araneomorphae,Salticidae,Sarinda,Sarinda hentzi
Araneomorphae,Salticidae,Sassacus,
Araneomorphae,Salticidae,Sassacus,Sassacus cyaneus
Araneomorphae,Salticidae,Sassacus,Sassacus paiutus
Araneomorphae,Salticidae,Sassacus,Sassacus papenhoei
Araneomorphae,Salticidae,Sassacus,Sassacus vitis
Araneomorphae,Salticidae,Synageles,
Araneomorphae,Salticidae,Synageles,Synageles bishopi
Araneomorphae,Salticidae,Synageles,Synageles noxiosus
Araneomorphae,Salticidae,Synageles,Synageles venator
Araneomorphae,Salticidae,Synemosyna,
Araneomorphae,Salticidae,Synemosyna,Synemosyna formica
Araneomorphae,Salticidae,Talavera,
Araneomorphae,Salticidae,Talavera,Talavera minuta
Araneomorphae,Salticidae,Terralonus,
Araneomorphae,Salticidae,Terralonus,Terralonus californicus
Araneomorphae,Salticidae,Terralonus,Terralonus fraternus
Araneomorphae,Salticidae,Tutelina,
Araneomorphae,Salticidae,Tutelina,Tutelina elegans
Araneomorphae,Salticidae,Tutelina,Tutelina formicaria
Araneomorphae,Salticidae,Tutelina,Tutelina harti
Araneomorphae,Salticidae,Tutelina,Tutelina similis
Araneomorphae,Salticidae,Zungia,
Araneomorphae,Salticidae,Zungia,Zuniga laeta
Araneomorphae,Salticidae,Zygoballus,
Araneomorphae,Salticidae,Zygoballus,Zygoballus nervosus
Araneomorphae,Salticidae,Zygoballus,Zygoballus rufipes
Araneomorphae,Salticidae,Zygoballus,Zygoballus sexpunctatus
Araneomorphae,Scytodidae,,
Araneomorphae,Scytodidae,Dictis,
Araneomorphae,Scytodidae,Dictis,Dictis striatipes
Araneomorphae,Scytodidae,Scytodes,
Araneomorphae,Scytodidae,Scytodes,Scytodes alayoi
Araneomorphae,Scytodidae,Scytodes,Scytodes atlacoya
Araneomorphae,Scytodidae,Scytodes,Scytodes fusca
Araneomorphae,Scytodidae,Scytodes,Scytodes globula
Araneomorphae,Scytodidae,Scytodes,Scytodes thoracica
Araneomorphae,Scytodidae,Scytodes,Scytodes univittata
Araneomorphae,Segestriidae,,
Araneomorphae,Segestriidae,Ariadna,
Araneomorphae,Segestriidae,Ariadna,Ariadna bicolor
Araneomorphae,Segestriidae,Citharoceps,
Araneomorphae,Segestriidae,Citharoceps,Citharoceps fidicina
Araneomorphae,Segestriidae,Segestria,
Araneomorphae,Segestriidae,Segestria,Segestria pacifica
Araneomorphae,Sicariidae,,
Araneomorphae,Sicariidae,Loxosceles,
Araneomorphae,Sicariidae,Loxosceles,Loxosceles apachea
Araneomorphae,Sicariidae,Loxosceles,Loxosceles arizonica
Araneomorphae,Sicariidae,Loxosceles,Loxosceles blanda
Araneomorphae,Sicariidae,Loxosceles,Loxosceles deserta
Araneomorphae,Sicariidae,Loxosceles,Loxosceles reclusa
Araneomorphae,Sicariidae,Loxosceles,Loxosceles rufescens
Araneomorphae,Sparassidae,,
Araneomorphae,Sparassidae,Curicaberis,
Araneomorphae,Sparassidae,Curicaberis,Curicaberis abnormis
Araneomorphae,Sparassidae,Curicaberis,Curicaberis peninsulanus
Araneomorphae,Sparassidae,Decaphora,
Araneomorphae,Sparassidae,Decaphora,Decaphora cubana
Araneomorphae,Sparassidae,Heteropoda,
Araneomorphae,Sparassidae,Heteropoda,Heteropoda venatoria
Araneomorphae,Sparassidae,Olios,
Araneomorphae,Sparassidae,Olios,Olios giganteus
Araneomorphae,Telemidae,,
Araneomorphae,Telemidae,Usofila,
Araneomorphae,Tetragnathidae,,
Araneomorphae,Tetragnathidae,Dolichognatha,
Araneomorphae,Tetragnathidae,Dolichognatha,Dolichognatha pentagona
Araneomorphae,Tetragnathidae,Glenognatha,
Araneomorphae,Tetragnathidae,Glenognatha,Glenognatha foxi
Araneomorphae,Tetragnathidae,Leucauge,
Araneomorphae,Tetragnathidae,Leucauge,Leucauge argyra
Araneomorphae,Tetragnathidae,Leucauge,Leucauge argyrobapta
Araneomorphae,Tetragnathidae,Leucauge,Leucauge venusta
Araneomorphae,Tetragnathidae,Leucauge,Leucauge venusta juvenile
Araneomorphae,Tetragnathidae,Meta,
Araneomorphae,Tetragnathidae,Meta,Meta dolloff
Araneomorphae,Tetragnathidae,Meta,Meta ovalis
Araneomorphae,Tetragnathidae,Metellina,
Araneomorphae,Tetragnathidae,Metellina,Metellina curtisi
Araneomorphae,Tetragnathidae,Metellina,Metellina mimetoides
Araneomorphae,Tetragnathidae,Metellina,Metellina segmentata
Araneomorphae,Tetragnathidae,Pachygnatha,
Araneomorphae,Tetragnathidae,Pachygnatha,Pachygnatha autumnalis
Araneomorphae,Tetragnathidae,Pachygnatha,Pachygnatha brevis
Araneomorphae,Tetragnathidae,Pachygnatha,Pachygnatha clercki
Araneomorphae,Tetragnathidae,Pachygnatha,Pachygnatha furcillata
Araneomorphae,Tetragnathidae,Pachygnatha,Pachygnatha tristriata
Araneomorphae,Tetragnathidae,Tetragnatha,
Araneomorphae,Tetragnathidae,Tetragnatha,Tetragnatha elongata
Araneomorphae,Tetragnathidae,Tetragnatha,Tetragnatha extensa
Araneomorphae,Tetragnathidae,Tetragnatha,Tetragnatha guatemalensis
Araneomorphae,Tetragnathidae,Tetragnatha,Tetragnatha nitens
Araneomorphae,Tetragnathidae,Tetragnatha,Tetragnatha versicolor
Araneomorphae,Tetragnathidae,Tetragnatha,Tetragnatha viridis
Araneomorphae,Theridiidae,,
Araneomorphae,Theridiidae,Anelosimus,
Araneomorphae,Theridiidae,Anelosimus,Anelosimus analyticus
Araneomorphae,Theridiidae,Anelosimus,Anelosimus studiosus
Araneomorphae,Theridiidae,Argyrodes,
Araneomorphae,Theridiidae,Argyrodes,Argyrodes elevatus
Araneomorphae,Theridiidae,Argyrodes,Argyrodes nephilae
Araneomorphae,Theridiidae,Asagena,
Araneomorphae,Theridiidae,Asagena,Asagena americana
Araneomorphae,Theridiidae,Asagena,Asagena fulva
Araneomorphae,Theridiidae,Chrysso,
Araneomorphae,Theridiidae,Coleosoma,
Araneomorphae,Theridiidae,Coleosoma,Coleosoma acutiventer
Araneomorphae,Theridiidae,Coleosoma,Coleosoma floridanum
Araneomorphae,Theridiidae,Crustulina,
Araneomorphae,Theridiidae,Crustulina,Crustulina altera
Araneomorphae,Theridiidae,Crustulina,Crustulina sticta
Araneomorphae,Theridiidae,Cryptachaea,
Araneomorphae,Theridiidae,Cryptachaea,Cryptachaea blattea
Araneomorphae,Theridiidae,Cryptachaea,Cryptachaea porteri
Araneomorphae,Theridiidae,Dipoena,
Araneomorphae,Theridiidae,Dipoena,Dipoena dorsata
Araneomorphae,Theridiidae,Dipoena,Dipoena malkini
Araneomorphae,Theridiidae,Dipoena,Dipoena nigra
Araneomorphae,Theridiidae,Enoplognatha,
Araneomorphae,Theridiidae,Enoplognatha,Enoplognatha caricis
Araneomorphae,Theridiidae,Enoplognatha,Enoplognatha marmorata
Araneomorphae,Theridiidae,Enoplognatha,Enoplognatha ovata
Araneomorphae,Theridiidae,Enoplognatha,Enoplognatha thoracica
Araneomorphae,Theridiidae,Episinus,
Araneomorphae,Theridiidae,Episinus,Episinus amoenus
Araneomorphae,Theridiidae,Euryopis,
Araneomorphae,Theridiidae,Euryopis,Euryopis californica
Araneomorphae,Theridiidae,Euryopis,Euryopis formosa
Araneomorphae,Theridiidae,Euryopis,Euryopis funebris
Araneomorphae,Theridiidae,Euryopis,Euryopis mulaiki
Araneomorphae,Theridiidae,Faiditus,
Araneomorphae,Theridiidae,Faiditus,Faiditus cancellatus
Araneomorphae,Theridiidae,Hentziectypus,
Araneomorphae,Theridiidae,Hentziectypus,Hentziectypus globosus
Araneomorphae,Theridiidae,Latrodectus,
Araneomorphae,Theridiidae,Latrodectus,Latrodectus bishopi
Araneomorphae,Theridiidae,Latrodectus,Latrodectus geometricus
Araneomorphae,Theridiidae,Latrodectus,Latrodectus hesperus
Araneomorphae,Theridiidae,Latrodectus,Latrodectus mactans
Araneomorphae,Theridiidae,Latrodectus,Latrodectus variolus
Araneomorphae,Theridiidae,Meotipa,
Araneomorphae,Theridiidae,Meotipa,Meotipa pulcherrima
Araneomorphae,Theridiidae,Neopisinus,
Araneomorphae,Theridiidae,Neopisinus,Neopisinus cognatus
Araneomorphae,Theridiidae,Neospintharus,
Araneomorphae,Theridiidae,Neospintharus,Neospintharus trigonum
Araneomorphae,Theridiidae,Neottiura,
Araneomorphae,Theridiidae,Neottiura,Neottiura bimaculata
Araneomorphae,Theridiidae,Nesticodes,
Araneomorphae,Theridiidae,Nesticodes,Nesticodes rufipes
Araneomorphae,Theridiidae,Parasteatoda,
Araneomorphae,Theridiidae,Parasteatoda,Parasteatoda tabulata
Araneomorphae,Theridiidae,Parasteatoda,Parasteatoda tepidariorum
Araneomorphae,Theridiidae,Phoroncidia,
Araneomorphae,Theridiidae,Phoroncidia,Phoroncidia americana
Araneomorphae,Theridiidae,Phylloneta,
Araneomorphae,Theridiidae,Phylloneta,Phylloneta pictipes
Araneomorphae,Theridiidae,Platnickina,
Araneomorphae,Theridiidae,Platnickina,Platnickina alabamensis
Araneomorphae,Theridiidae,Platnickina,Platnickina mneon
Araneomorphae,Theridiidae,Platnickina,Platnickina tincta
Araneomorphae,Theridiidae,Rhomphaea,
Araneomorphae,Theridiidae,Rhomphaea,Rhomphaea fictilium
Araneomorphae,Theridiidae,Rhomphaea,Rhomphaea projiciens
Araneomorphae,Theridiidae,Robertus,
Araneomorphae,Theridiidae,Robertus,Robertus eremophilus
Araneomorphae,Theridiidae,Robertus,Robertus pumilus
Araneomorphae,Theridiidae,Robertus,Robertus riparius
Araneomorphae,Theridiidae,Robertus,Robertus vigerens
Araneomorphae,Theridiidae,Rugathodes,
Araneomorphae,Theridiidae,Rugathodes,Rugathodes sexpunctatus
Araneomorphae,Theridiidae,Spintharus,
Araneomorphae,Theridiidae,Spintharus,Spintharus flavidus
Araneomorphae,Theridiidae,Steatoda,
Araneomorphae,Theridiidae,Steatoda,Steatoda albomaculata
Araneomorphae,Theridiidae,Steatoda,Steatoda bipunctata
Araneomorphae,Theridiidae,Steatoda,Steatoda borealis
Araneomorphae,Theridiidae,Steatoda,Steatoda erigoniformis
Araneomorphae,Theridiidae,Steatoda,Steatoda grandis
Araneomorphae,Theridiidae,Steatoda,Steatoda grossa
Araneomorphae,Theridiidae,Steatoda,Steatoda hespera
Araneomorphae,Theridiidae,Steatoda,Steatoda nobilis
Araneomorphae,Theridiidae,Steatoda,Steatoda punctulata
Araneomorphae,Theridiidae,Steatoda,Steatoda triangulosa
Araneomorphae,Theridiidae,Steatoda,Steatoda variata
Araneomorphae,Theridiidae,Theridion,
Araneomorphae,Theridiidae,Theridion,Theridion albidum
Araneomorphae,Theridiidae,Theridion,Theridion californicum
Araneomorphae,Theridiidae,Theridion,Theridion cheimatos
Araneomorphae,Theridiidae,Theridion,Theridion differens
Araneomorphae,Theridiidae,Theridion,Theridion flavonotatum
Araneomorphae,Theridiidae,Theridion,Theridion frondeum
Araneomorphae,Theridiidae,Theridion,Theridion glaucescens
Araneomorphae,Theridiidae,Theridion,Theridion goodnightorum
Araneomorphae,Theridiidae,Theridion,Theridion kawea
Araneomorphae,Theridiidae,Theridion,Theridion lawrencei
Araneomorphae,Theridiidae,Theridion,Theridion leechi
Araneomorphae,Theridiidae,Theridion,Theridion melanurum
Araneomorphae,Theridiidae,Theridion,Theridion michelbacheri
Araneomorphae,Theridiidae,Theridion,Theridion morulum
Araneomorphae,Theridiidae,Theridion,Theridion murarium
Araneomorphae,Theridiidae,Theridion,Theridion neomexicanum
Araneomorphae,Theridiidae,Theridion,Theridion neshamini
Araneomorphae,Theridiidae,Theridion,Theridion pennsylvanicum
Araneomorphae,Theridiidae,Theridion,Theridion pictum
Araneomorphae,Theridiidae,Theridion,Theridion punctipes
Araneomorphae,Theridiidae,Theridion,Theridion submissum
Araneomorphae,Theridiidae,Theridula,
Araneomorphae,Theridiidae,Theridula,Theridula emertoni
Araneomorphae,Theridiidae,Theridula,Theridula opulenta
Araneomorphae,Theridiidae,Thymoites,
Araneomorphae,Theridiidae,Thymoites,Thymoites pictipes
Araneomorphae,Theridiidae,Thymoites,Thymoites unimaculatus
Araneomorphae,Theridiidae,Tidarren,
Araneomorphae,Theridiidae,Tidarren,Tidarren sisyphoides
Araneomorphae,Theridiidae,Wamba,
Araneomorphae,Theridiidae,Wamba,Wamba crispulus
Araneomorphae,Theridiidae,Yunohamella,
Araneomorphae,Theridiidae,Yunohamella,Yunohamella lyrica
Araneomorphae,Theridiosomatidae,,
Araneomorphae,Theridiosomatidae,Theridiosoma,
Araneomorphae,Theridiosomatidae,Theridiosoma,Theridiosoma gemmosum
Araneomorphae,Thomisidae,,
Araneomorphae,Thomisidae,Bassaniana,
Araneomorphae,Thomisidae,Bassaniana,Bassaniana utahensis
Araneomorphae,Thomisidae,Bassaniana,Bassaniana versicolor
Araneomorphae,Thomisidae,Bucranium,
Araneomorphae,Thomisidae,Coriarachne,
Araneomorphae,Thomisidae,Coriarachne,Coriarachne brunneipes
Araneomorphae,Thomisidae,Diaea,
Araneomorphae,Thomisidae,Diaea,Diaea livens
Araneomorphae,Thomisidae,Isaloides,
Araneomorphae,Thomisidae,Mecaphesa,
Araneomorphae,Thomisidae,Mecaphesa,Mecaphesa asperata
Araneomorphae,Thomisidae,Mecaphesa,Mecaphesa californica
Araneomorphae,Thomisidae,Mecaphesa,Mecaphesa celer
Araneomorphae,Thomisidae,Mecaphesa,Mecaphesa deserti
Araneomorphae,Thomisidae,Mecaphesa,Mecaphesa dubia
Araneomorphae,Thomisidae,Mecaphesa,Mecaphesa importuna
Araneomorphae,Thomisidae,Mecaphesa,Mecaphesa rothi
Araneomorphae,Thomisidae,Mecaphesa,Mecaphesa schlingeri
Araneomorphae,Thomisidae,Mecaphesa,Mecaphesa verityi
Araneomorphae,Thomisidae,Misumena,
Araneomorphae,Thomisidae,Misumena,Misumena vatia
Araneomorphae,Thomisidae,Misumenoides,
Araneomorphae,Thomisidae,Misumenoides,Misumenoides formosipes
Araneomorphae,Thomisidae,Misumenops,
Araneomorphae,Thomisidae,Misumenops,Misumenops bellulus
Araneomorphae,Thomisidae,Misumessus,
Araneomorphae,Thomisidae,Misumessus,Misumessus lappi
Araneomorphae,Thomisidae,Misumessus,Misumessus oblongus
Araneomorphae,Thomisidae,Modysticus,
Araneomorphae,Thomisidae,Modysticus,Modysticus modestus
Araneomorphae,Thomisidae,Ozyptila,
Araneomorphae,Thomisidae,Ozyptila,Ozyptila distans
Araneomorphae,Thomisidae,Ozyptila,Ozyptila pacifica
Araneomorphae,Thomisidae,Synema,
Araneomorphae,Thomisidae,Synema,Synema parvulum
Araneomorphae,Thomisidae,Synema,Synema viridans
Araneomorphae,Thomisidae,Tmarus,
Araneomorphae,Thomisidae,Tmarus,Tmarus angulatus
Araneomorphae,Thomisidae,Tmarus,Tmarus floridensis
Araneomorphae,Thomisidae,Tmarus,Tmarus minutus
Araneomorphae,Thomisidae,Xysticus,
Araneomorphae,Thomisidae,Xysticus,Xysticus acquiescens
Araneomorphae,Thomisidae,Xysticus,Xysticus alboniger
Araneomorphae,Thomisidae,Xysticus,Xysticus ampullatus
Araneomorphae,Thomisidae,Xysticus,Xysticus aprilinus
Araneomorphae,Thomisidae,Xysticus,Xysticus auctificus
Araneomorphae,Thomisidae,Xysticus,Xysticus californicus
Araneomorphae,Thomisidae,Xysticus,Xysticus cristatus
Araneomorphae,Thomisidae,Xysticus,Xysticus discursans
Araneomorphae,Thomisidae,Xysticus,Xysticus elegans
Araneomorphae,Thomisidae,Xysticus,Xysticus ellipticus
Araneomorphae,Thomisidae,Xysticus,Xysticus emertoni
Araneomorphae,Thomisidae,Xysticus,Xysticus ferox
Araneomorphae,Thomisidae,Xysticus,Xysticus fervidus
Araneomorphae,Thomisidae,Xysticus,Xysticus fraternus
Araneomorphae,Thomisidae,Xysticus,Xysticus funestus
Araneomorphae,Thomisidae,Xysticus,Xysticus gulosus
Araneomorphae,Thomisidae,Xysticus,Xysticus locuples
Araneomorphae,Thomisidae,Xysticus,Xysticus luctans
Araneomorphae,Thomisidae,Xysticus,Xysticus montanensis
Araneomorphae,Thomisidae,Xysticus,Xysticus pellax
Araneomorphae,Thomisidae,Xysticus,Xysticus punctatus
Araneomorphae,Thomisidae,Xysticus,Xysticus texanus
Araneomorphae,Thomisidae,Xysticus,Xysticus triguttatus
Araneomorphae,Titanoecidae,,
Araneomorphae,Titanoecidae,Titanoeca,
Araneomorphae,Titanoecidae,Titanoeca,Titanoeca americana
Araneomorphae,Titanoecidae,Titanoeca,Titanoeca nigrella
Araneomorphae,Trachelidae,,
Araneomorphae,Trachelidae,Meriola,
Araneomorphae,Trachelidae,Meriola,Meriola arcifera
Araneomorphae,Trachelidae,Meriola,Meriola decepta
Araneomorphae,Trachelidae,Trachelas,
Araneomorphae,Trachelidae,Trachelas,Trachelas pacificus
Araneomorphae,Trachelidae,Trachelas,Trachelas tranquillus
Araneomorphae,Trechaleidae,,
Araneomorphae,Trechaleidae,Trechalea,
Araneomorphae,Trechaleidae,Trechalea,Trechalea gertschi
Araneomorphae,Uloboridae,,
Araneomorphae,Uloboridae,Hyptiotes,
Araneomorphae,Uloboridae,Hyptiotes,Hyptiotes cavatus
Araneomorphae,Uloboridae,Hyptiotes,Hyptiotes gertschi
Araneomorphae,Uloboridae,Philoponella,
Araneomorphae,Uloboridae,Uloborus,
Araneomorphae,Uloboridae,Uloborus,Uloborus diversus
Araneomorphae,Uloboridae,Uloborus,Uloborus glomosus
Araneomorphae,Uloboridae,Zosis,
Araneomorphae,Uloboridae,Zosis,Zosis geniculata
Araneomorphae,Zodariidae,,
Araneomorphae,Zodariidae,Lutica,
Araneomorphae,Zodariidae,Lutica,Lutica nicolasia
Araneomorphae,Zodariidae,Zodarion,
Araneomorphae,Zodariidae,Zodarion,Zodarion rubidum
Araneomorphae,Zoropsidae,,
Araneomorphae,Zoropsidae,Lauricius,
Araneomorphae,Zoropsidae,Lauricius,Lauricius hooki
Araneomorphae,Zoropsidae,Titiotus,
Araneomorphae,Zoropsidae,Titiotus,Titiotus hansii
Araneomorphae,Zoropsidae,Zorocrates,
Araneomorphae,Zoropsidae,Zoropsis,
Araneomorphae,Zoropsidae,Zoropsis,Zoropsis spinimana
Mygalomorphae,,,
Mygalomorphae,Antrodiaetidae,,
Mygalomorphae,Antrodiaetidae,Aliatypus,
Mygalomorphae,Antrodiaetidae,Aliatypus,Aliatypus californicus
Mygalomorphae,Antrodiaetidae,Antrodiaetus,
Mygalomorphae,Antrodiaetidae,Antrodiaetus,Antrodiaetus montanus
Mygalomorphae,Antrodiaetidae,Antrodiaetus,Antrodiaetus pacificus
Mygalomorphae,Antrodiaetidae,Antrodiaetus,Antrodiaetus pugnax
Mygalomorphae,Antrodiaetidae,Antrodiaetus,Antrodiaetus unicolor
Mygalomorphae,Antrodiaetidae,Atypoides,
Mygalomorphae,Antrodiaetidae,Atypoides,Atypoides rivers
Mygalomorphae,Atypidae,,
Mygalomorphae,Atypidae,Sphodros,
Mygalomorphae,Atypidae,Sphodros,Sphodros abboti
Mygalomorphae,Atypidae,Sphodros,Sphodros atlanticus
Mygalomorphae,Atypidae,Sphodros,Sphodros fitchi
Mygalomorphae,Atypidae,Sphodros,Sphodros niger
Mygalomorphae,Atypidae,Sphodros,Sphodros paisano
Mygalomorphae,Atypidae,Sphodros,Sphodros rufipes
Mygalomorphae,Euagridae,,
Mygalomorphae,Euagridae,Euagrus,
Mygalomorphae,Euctenizidae,,
Mygalomorphae,Euctenizidae,Apomastus,
Mygalomorphae,Euctenizidae,Apomastus,Apomastus kristenae
Mygalomorphae,Euctenizidae,Aptostichus,
Mygalomorphae,Euctenizidae,Aptostichus,Aptostichus simus
Mygalomorphae,Euctenizidae,Aptostichus,Aptostichus stanfordianus
Mygalomorphae,Euctenizidae,Aptostichus,Aptostichus stephencolberti
Mygalomorphae,Euctenizidae,Entychides,
Mygalomorphae,Euctenizidae,Entychides,Entychides arizonica
Mygalomorphae,Euctenizidae,Eucteniza,
Mygalomorphae,Euctenizidae,Eucteniza,Eucteniza relata
Mygalomorphae,Euctenizidae,Myrmekiaphila,
Mygalomorphae,Euctenizidae,Myrmekiaphila,Myrmekiaphila comstocki
Mygalomorphae,Euctenizidae,Promyrmekiaphila,
Mygalomorphae,Euctenizidae,Promyrmekiaphila,Promyrmekiaphila clathrata
Mygalomorphae,Halonoproctidae,,
Mygalomorphae,Halonoproctidae,Bothriocyrtum,
Mygalomorphae,Halonoproctidae,Bothriocyrtum,Bothriocyrtum californicum
Mygalomorphae,Halonoproctidae,Cyclocosmia,
Mygalomorphae,Halonoproctidae,Cyclocosmia,Cyclocosmia truncata
Mygalomorphae,Halonoproctidae,Ummidia,
Mygalomorphae,Megahexuridae,,
Mygalomorphae,Megahexuridae,Megahexura,
Mygalomorphae,Megahexuridae,Megahexura,Megahexura fulva
Mygalomorphae,Nemesiidae,,
Mygalomorphae,Nemesiidae,Calisoga,
Mygalomorphae,Nemesiidae,Calisoga,Calisoga longitarsis
Mygalomorphae,Theraphosidae,,
Mygalomorphae,Theraphosidae,Aphonopelma,
Mygalomorphae,Theraphosidae,Aphonopelma,Aphonopelma anax
Mygalomorphae,Theraphosidae,Aphonopelma,Aphonopelma chalcodes
Mygalomorphae,Theraphosidae,Aphonopelma,Aphonopelma hentzi
Mygalomorphae,Theraphosidae,Aphonopelma,Aphonopelma iodius
Mygalomorphae,Theraphosidae,Aphonopelma,Aphonopelma madera
Mygalomorphae,Theraphosidae,Aphonopelma,Aphonopelma marxi
Mygalomorphae,Theraphosidae,Aphonopelma,Aphonopelma moderatum
Mygalomorphae,Theraphosidae,Aphonopelma,Aphonopelma steindachneri
Mygalomorphae,Theraphosidae,Aphonopelma,Aphonopelma vorhiesi
